{"stats":{"minecraft:dropped":{"minecraft:nether_star":9,"minecraft:redstone":1},"minecraft:used":{"minecraft:emerald_ore":75,"minecraft:water_bucket":445,"minecraft:jungle_leaves":344,"minecraft:iron_bars":363,"minecraft:iron_ore":113,"minecraft:stripped_acacia_log":126,"minecraft:flint_and_steel":63,"minecraft:stripped_birch_log":94,"minecraft:redstone_ore":106,"minecraft:birch_leaves":26,"minecraft:redstone":222,"minecraft:jungle_fence":29,"minecraft:ladder":56,"minecraft:stripped_warped_stem":166,"minecraft:chest":49,"minecraft:spruce_planks":457,"minecraft:stone":178,"minecraft:warped_sign":2,"minecraft:gold_ore":60,"minecraft:stripped_crimson_stem":66,"minecraft:gilded_blackstone":62,"minecraft:oak_leaves":18,"minecraft:torch":2,"minecraft:dirt":26,"minecraft:soul_sand":85,"minecraft:sand":89,"minecraft:comparator":6,"minecraft:stripped_dark_oak_log":130,"minecraft:vine":13,"minecraft:strider_spawn_egg":2,"minecraft:tnt":159,"minecraft:hopper":8,"minecraft:red_bed":1,"minecraft:nether_quartz_ore":109,"minecraft:twisting_vines":43,"minecraft:birch_sign":6,"minecraft:spruce_fence":172,"minecraft:weeping_vines":92,"minecraft:purple_concrete_powder":66,"minecraft:stripped_spruce_log":161,"minecraft:nether_gold_ore":37,"minecraft:purple_banner":3,"minecraft:redstone_torch":19,"minecraft:purple_stained_glass":39,"minecraft:jungle_sapling":5,"minecraft:sticky_piston":13,"minecraft:piston":1,"minecraft:crimson_button":18,"minecraft:netherite_block":11,"minecraft:lever":29,"minecraft:sea_lantern":1,"minecraft:diamond_pickaxe":1,"minecraft:lava_bucket":8,"minecraft:netherite_shovel":322,"minecraft:coal_ore":107,"minecraft:stripped_jungle_log":69,"minecraft:command_block":107,"minecraft:grass_block":198,"minecraft:light_weighted_pressure_plate":79,"minecraft:spruce_button":27,"minecraft:jungle_log":5,"minecraft:lapis_ore":126,"minecraft:warped_nylium":1,"minecraft:stone_slab":1,"minecraft:diamond_ore":55,"minecraft:crimson_planks":60,"minecraft:crimson_sign":2,"minecraft:bedrock":7,"minecraft:repeater":40,"minecraft:wooden_sword":27,"minecraft:diamond_sword":57,"minecraft:written_book":5,"minecraft:gold_block":107,"minecraft:yellow_bed":1,"minecraft:repeating_command_block":58,"minecraft:stone_pressure_plate":1,"minecraft:stripped_oak_log":40,"minecraft:coarse_dirt":101,"minecraft:warped_button":5,"minecraft:bone_meal":36},"minecraft:killed":{"minecraft:strider":7,"minecraft:skeleton":7,"minecraft:zombie":4},"minecraft:mined":{"minecraft:gilded_blackstone":1},"minecraft:custom":{"minecraft:mob_kills":18,"minecraft:inspect_hopper":9,"minecraft:play_one_minute":547105,"minecraft:leave_game":18,"minecraft:time_since_death":497,"minecraft:climb_one_cm":61750,"minecraft:time_since_rest":523,"minecraft:sprint_one_cm":151703,"minecraft:damage_taken":480,"minecraft:walk_one_cm":162492,"minecraft:drop":3,"minecraft:minecart_one_cm":670,"minecraft:damage_dealt":3989,"minecraft:swim_one_cm":24266,"minecraft:fly_one_cm":6596815,"minecraft:open_chest":115,"minecraft:strider_one_cm":19673,"minecraft:crouch_one_cm":73315,"minecraft:deaths":10,"minecraft:sneak_time":45457,"minecraft:walk_under_water_one_cm":166846,"minecraft:jump":2120,"minecraft:walk_on_water_one_cm":46897,"minecraft:fall_one_cm":1476},"minecraft:picked_up":{"minecraft:leather_chestplate":2,"minecraft:leather_leggings":2,"minecraft:golden_boots":2,"minecraft:leather_boots":1,"minecraft:bone":8,"minecraft:trident":2,"minecraft:redstone":2,"minecraft:leather_helmet":2,"minecraft:arrow":5,"minecraft:rotten_flesh":4,"minecraft:spruce_button":1,"minecraft:nether_star":18,"minecraft:cobblestone":33}},"DataVersion":2567}